素材名	画像キー
ゴールド	ゴールド.webp
加工しやすい木	加工しやすい木.webp
固い石	固い石.webp
サラサラの鉄粉	サラサラの鉄粉.webp
パリパリの金箔	パリパリの金箔.webp
やわらか粘土	やわらか粘土.webp
地球から来た鉛	地球から来た鉛.webp
再生プラスチック	再生プラスチック.webp
バラバラの基板	バラバラの基盤.webp
柔らか金属	柔らか金属.webp
手形	手形.webp
睡眠アイマスク	睡眠アイマスク.webp
銅の匙	銅の匙.webp
つんつんゼンマイ	つんつんゼンマイ.webp
S電子半導体	S電子半導体.webp
バッテリーパック	バッテリーパック.webp
LED電球	LED電球.webp
尖った釘	尖った釘.webp
曲がった針金	曲がった針金.webp
MUSIMチップ	MUSIMチップ.webp
こねこね粘土	こねこね粘土.webp
感性コア	感性コア.webp
キャラのハンコ	キャラのハンコ.webp
徹夜アイマスク	徹夜アイマスク.webp
金の匙	金の匙.webp
曲がったもの	曲がったもの.webp
EGOブロック	EGOブロック.webp
尖った針	尖った針.webp
